11時13分,%1500676,%3200895,%3100450
11時13分,%1500676,%3200895,%3100450
11時13分,%1500676,%3200895,%3100450
11時13分,%1500676,%3200895,%3100450
11時13分,%1500676,%3200895,%3100450
11時13分,%1500676,%3200895,%3100450
11時13分,%1500676,%3200895,%3100450
11時13分,%1500676,%3200895,%3100450
11時13分,%1500676,%3200895,%3100450
11時13分,%1500676,%3200895,%3100450
11時13分,%1500676,%3200895,%3100450
11時13分,%1500676,%3200895,%3100450
11時13分,%1500676,%3200895,%3100450
11時13分,%1500676,%3200895,%3100450
11時13分,%1500676,%3200895,%3100450
11時13分,%1500676,%3200895,%3100450
11時13分,%1500676,%3200895,%3100450
11時13分,%1500676,%3200895,%3100450
11時13分,%1500676,%3200895,%3100450
11時13分,%1500676,%3200895,%3100450
11時13分,%1500676,%3200895,%3100450
11時13分,%1500676,%3200895,%3100450
11時13分,%1500676,%3200895,%3100450
11時13分,%1500676,%3200895,%3100450
11時13分,%1500676,%3200895,%3100450
11時13分,%1500676,%3200895,%3100450
11時13分,%1500676,%3200895,%3100450
11時13分,%1500676,%3200895,%3100450
11時13分,%1500676,%3200895,%3100450
11時13分,%1500676,%3200895,%3100450
11時13分,%1500676,%3200895,%3100450
11時13分,%1500676,%3200895,%3100450
11時13分,%1500676,%3200895,%3100450
11時13分,%1500676,%3200895,%3100450
11時13分,%1500676,%3200895,%3100450
11時13分,%1500676,%3200895,%3100450
11時13分,%1500676,%3200895,%3100450
11時13分,%1500676,%3200895,%3100450
11時13分,%1500676,%3200895,%3100450
11時13分,%1500676,%3200895,%3100450
11時13分,%1500676,%3200895,%3100450
11時13分,%1500676,%3200895,%3100450
11時13分,%1500676,%3200895,%3100450
11時13分,%1500676,%3200895,%3100450
11時13分,%1500676,%3200895,%3100450
11時13分,%1500676,%3200895,%3100450
11時13分,%1500676,%3200895,%3100450
11時13分,%1500676,%3200895,%3100450
11時13分,%1500676,%3200895,%3100450
11時13分,%1500676,%3200895,%3100450
11時13分,%1500676,%3200895,%3100450
11時13分,%1500676,%3200895,%3100450
11時13分,%1500676,%3200895,%3100450
11時13分,%1500676,%3200895,%3100450
11時13分,%1500676,%3200895,%3100450
11時13分,%1500676,%3200895,%3100450
11時13分,%1500676,%3200895,%3100450
11時13分,%1500676,%3200895,%3100450
11時13分,%1500676,%3200895,%3100450
11時13分,%1500676,%3200895,%3100450
11時13分,%1500676,%3200895,%3100450
20時37分,
21時3分,
11時13分,%1500676,%3200895,%3100450
11時13分,%1500676,%3200895,%3100450
11時13分,%1500676,%3200895,%3100450
11時13分,%1500676,%3200895,%3100450
11時13分,%1500676,%3200895,%3100450
11時13分,%1500676,%3200895,%3100450
11時13分,%1500676,%3200895,%3100450
11時13分,%1500676,%3200895,%3100450
11時13分,%1500676,%3200895,%3100450
11時13分,%1500676,%3200895,%3100450
11時13分,%1500676,%3200895,%3100450
11時13分,%1500676,%3200895,%3100450
11時13分,%1500676,%3200895,%3100450
11時13分,%1500676,%3200895,%3100450
11時13分,%1500676,%3200895,%3100450
11時13分,%1500676,%3200895,%3100450
22時6分,
22時9分,#01234567,$1001000,%3100132
22時10分,#01234567,$1001000,%3100132
22時15分,#01234567,$1001000,%3100132
22時17分,#01234567,$1001000,%3100132
22時17分,
22時19分,#01234567,$1001000,%3100132
22時19分,
22時19分,
22時19分,
22時19分,
22時19分,
22時20分,
11時13分,%1500676,%3200895,%3100450
11時13分,%1500676,%3200895,%3100450
